Workbook

Sheet Day7_Student_Data
A1: Student_ID | B1: Student_Name | C1: Course | D1: Maths | E1: DBMS | F1: Python | G1: Total | H1: Percentage | I1: Result
A2: 2001 | B2: Aarav | C2: BCA | D2: 61 | E2: 95 | F2: 95 | G2: =SUM(D2:F2) | H2: =G2/300*100 | I2: =IF(H2>=40,"Pass","Fail")
A3: 2002 | B3: Diya | C3: BCA | D3: 63 | E3: 72 | F3: 89 | G3: =SUM(D3:F3) | H3: =G3/300*100 | I3: =IF(H3>=40,"Pass","Fail")
A4: 2003 | B4: Kabir | C4: BCA | D4: 95 | E4: 80 | F4: 87 | G4: =SUM(D4:F4) | H4: =G4/300*100 | I4: =IF(H4>=40,"Pass","Fail")
A5: 2004 | B5: Ananya | C5: BCA | D5: 76 | E5: 54 | F5: 57 | G5: =SUM(D5:F5) | H5: =G5/300*100 | I5: =IF(H5>=40,"Pass","Fail")
A6: 2005 | B6: Rohan | C6: BCA | D6: 58 | E6: 48 | F6: 82 | G6: =SUM(D6:F6) | H6: =G6/300*100 | I6: =IF(H6>=40,"Pass","Fail")
A7: 2006 | B7: Ishita | C7: BCA | D7: 79 | E7: 48 | F7: 92 | G7: =SUM(D7:F7) | H7: =G7/300*100 | I7: =IF(H7>=40,"Pass","Fail")
A8: 2007 | B8: Vivaan | C8: BCA | D8: 48 | E8: 48 | F8: 82 | G8: =SUM(D8:F8) | H8: =G8/300*100 | I8: =IF(H8>=40,"Pass","Fail")
A9: 2008 | B9: Meera | C9: BCA | D9: 77 | E9: 78 | F9: 55 | G9: =SUM(D9:F9) | H9: =G9/300*100 | I9: =IF(H9>=40,"Pass","Fail")
A10: 2009 | B10: Arjun | C10: BCA | D10: 77 | E10: 50 | F10: 56 | G10: =SUM(D10:F10) | H10: =G10/300*100 | I10: =IF(H10>=40,"Pass","Fail")
A11: 2010 | B11: Naina | C11: BCA | D11: 83 | E11: 49 | F11: 88 | G11: =SUM(D11:F11) | H11: =G11/300*100 | I11: =IF(H11>=40,"Pass","Fail")
A12: 2011 | B12: Aditya | C12: BSc CS | D12: 70 | E12: 52 | F12: 81 | G12: =SUM(D12:F12) | H12: =G12/300*100 | I12: =IF(H12>=40,"Pass","Fail")
A13: 2012 | B13: Pihu | C13: BSc CS | D13: 82 | E13: 83 | F13: 47 | G13: =SUM(D13:F13) | H13: =G13/300*100 | I13: =IF(H13>=40,"Pass","Fail")
... A21: 2020 | B21: Riya | C21: BCA | D21: 49 | E21: 79 | F21: 58 | G21: =SUM(D21:F21) | H21: =G21/300*100 | I21: =IF(H21>=40,"Pass","Fail")

Sheet Day7_Dashboard
A1: STUDENT PERFORMANCE DASHBOARD
A3: Total Students | B3: =COUNTA('Day7_Student_Data'!B2:B21) | D3: Average % | E3: =AVERAGE('Day7_Student_Data'!H2:H21) | G3: Pass Count | H3: =COUNTIF('Day7_Student_Data'!I2:I21,"Pass")
A5: Course | B5: Students | C5: Avg %
A6: BCA | B6: =COUNTIF('Day7_Student_Data'!C2:C21,A6) | C6: =AVERAGEIF('Day7_Student_Data'!C2:C21,A6,'Day7_Student_Data'!H2:H21)
A7: BSc CS | B7: =COUNTIF('Day7_Student_Data'!C2:C21,A7) | C7: =AVERAGEIF('Day7_Student_Data'!C2:C21,A7,'Day7_Student_Data'!H2:H21)
